,Josh Hart_twopointers,Josh Hart_threepointers,Josh Hart_misses_two,Josh Hart_misses_three,Josh Hart_opp_twopointers,Josh Hart_opp_threepointers,Josh Hart_opp_misses_two,Josh Hart_opp_misses_three,Josh Hart_turnovers,Josh Hart_forced_turnovers,Josh Hart_freethrows,Josh Hart_misses_freethrow,Josh Hart_offensive_rebounds,Josh Hart_defensive_rebounds,Josh Hart_opp_freethrows,Josh Hart_opp_misses_freethrow,Josh Hart_opp_offensive_rebounds,Josh Hart_opp_defensive_rebounds,Kentavious Caldwell-Pope_twopointers,Kentavious Caldwell-Pope_threepointers,Kentavious Caldwell-Pope_misses_two,Kentavious Caldwell-Pope_misses_three,Kentavious Caldwell-Pope_opp_twopointers,Kentavious Caldwell-Pope_opp_threepointers,Kentavious Caldwell-Pope_opp_misses_two,Kentavious Caldwell-Pope_opp_misses_three,Kentavious Caldwell-Pope_turnovers,Kentavious Caldwell-Pope_forced_turnovers,Kentavious Caldwell-Pope_freethrows,Kentavious Caldwell-Pope_misses_freethrow,Kentavious Caldwell-Pope_offensive_rebounds,Kentavious Caldwell-Pope_defensive_rebounds,Kentavious Caldwell-Pope_opp_freethrows,Kentavious Caldwell-Pope_opp_misses_freethrow,Kentavious Caldwell-Pope_opp_offensive_rebounds,Kentavious Caldwell-Pope_opp_defensive_rebounds,JaVale McGee_twopointers,JaVale McGee_threepointers,JaVale McGee_misses_two,JaVale McGee_misses_three,JaVale McGee_opp_twopointers,JaVale McGee_opp_threepointers,JaVale McGee_opp_misses_two,JaVale McGee_opp_misses_three,JaVale McGee_turnovers,JaVale McGee_forced_turnovers,JaVale McGee_freethrows,JaVale McGee_misses_freethrow,JaVale McGee_offensive_rebounds,JaVale McGee_defensive_rebounds,JaVale McGee_opp_freethrows,JaVale McGee_opp_misses_freethrow,JaVale McGee_opp_offensive_rebounds,JaVale McGee_opp_defensive_rebounds,Lonzo Ball_twopointers,Lonzo Ball_threepointers,Lonzo Ball_misses_two,Lonzo Ball_misses_three,Lonzo Ball_opp_twopointers,Lonzo Ball_opp_threepointers,Lonzo Ball_opp_misses_two,Lonzo Ball_opp_misses_three,Lonzo Ball_turnovers,Lonzo Ball_forced_turnovers,Lonzo Ball_freethrows,Lonzo Ball_misses_freethrow,Lonzo Ball_offensive_rebounds,Lonzo Ball_defensive_rebounds,Lonzo Ball_opp_freethrows,Lonzo Ball_opp_misses_freethrow,Lonzo Ball_opp_offensive_rebounds,Lonzo Ball_opp_defensive_rebounds,LeBron James_twopointers,LeBron James_threepointers,LeBron James_misses_two,LeBron James_misses_three,LeBron James_opp_twopointers,LeBron James_opp_threepointers,LeBron James_opp_misses_two,LeBron James_opp_misses_three,LeBron James_turnovers,LeBron James_forced_turnovers,LeBron James_freethrows,LeBron James_misses_freethrow,LeBron James_offensive_rebounds,LeBron James_defensive_rebounds,LeBron James_opp_freethrows,LeBron James_opp_misses_freethrow,LeBron James_opp_offensive_rebounds,LeBron James_opp_defensive_rebounds,Svi Mykhailiuk_twopointers,Svi Mykhailiuk_threepointers,Svi Mykhailiuk_misses_two,Svi Mykhailiuk_misses_three,Svi Mykhailiuk_opp_twopointers,Svi Mykhailiuk_opp_threepointers,Svi Mykhailiuk_opp_misses_two,Svi Mykhailiuk_opp_misses_three,Svi Mykhailiuk_turnovers,Svi Mykhailiuk_forced_turnovers,Svi Mykhailiuk_freethrows,Svi Mykhailiuk_misses_freethrow,Svi Mykhailiuk_offensive_rebounds,Svi Mykhailiuk_defensive_rebounds,Svi Mykhailiuk_opp_freethrows,Svi Mykhailiuk_opp_misses_freethrow,Svi Mykhailiuk_opp_offensive_rebounds,Svi Mykhailiuk_opp_defensive_rebounds,Lance Stephenson_twopointers,Lance Stephenson_threepointers,Lance Stephenson_misses_two,Lance Stephenson_misses_three,Lance Stephenson_opp_twopointers,Lance Stephenson_opp_threepointers,Lance Stephenson_opp_misses_two,Lance Stephenson_opp_misses_three,Lance Stephenson_turnovers,Lance Stephenson_forced_turnovers,Lance Stephenson_freethrows,Lance Stephenson_misses_freethrow,Lance Stephenson_offensive_rebounds,Lance Stephenson_defensive_rebounds,Lance Stephenson_opp_freethrows,Lance Stephenson_opp_misses_freethrow,Lance Stephenson_opp_offensive_rebounds,Lance Stephenson_opp_defensive_rebounds,Kyle Kuzma_twopointers,Kyle Kuzma_threepointers,Kyle Kuzma_misses_two,Kyle Kuzma_misses_three,Kyle Kuzma_opp_twopointers,Kyle Kuzma_opp_threepointers,Kyle Kuzma_opp_misses_two,Kyle Kuzma_opp_misses_three,Kyle Kuzma_turnovers,Kyle Kuzma_forced_turnovers,Kyle Kuzma_freethrows,Kyle Kuzma_misses_freethrow,Kyle Kuzma_offensive_rebounds,Kyle Kuzma_defensive_rebounds,Kyle Kuzma_opp_freethrows,Kyle Kuzma_opp_misses_freethrow,Kyle Kuzma_opp_offensive_rebounds,Kyle Kuzma_opp_defensive_rebounds,Tyson Chandler_twopointers,Tyson Chandler_threepointers,Tyson Chandler_misses_two,Tyson Chandler_misses_three,Tyson Chandler_opp_twopointers,Tyson Chandler_opp_threepointers,Tyson Chandler_opp_misses_two,Tyson Chandler_opp_misses_three,Tyson Chandler_turnovers,Tyson Chandler_forced_turnovers,Tyson Chandler_freethrows,Tyson Chandler_misses_freethrow,Tyson Chandler_offensive_rebounds,Tyson Chandler_defensive_rebounds,Tyson Chandler_opp_freethrows,Tyson Chandler_opp_misses_freethrow,Tyson Chandler_opp_offensive_rebounds,Tyson Chandler_opp_defensive_rebounds,Andre Ingram_twopointers,Andre Ingram_threepointers,Andre Ingram_misses_two,Andre Ingram_misses_three,Andre Ingram_opp_twopointers,Andre Ingram_opp_threepointers,Andre Ingram_opp_misses_two,Andre Ingram_opp_misses_three,Andre Ingram_turnovers,Andre Ingram_forced_turnovers,Andre Ingram_freethrows,Andre Ingram_misses_freethrow,Andre Ingram_offensive_rebounds,Andre Ingram_defensive_rebounds,Andre Ingram_opp_freethrows,Andre Ingram_opp_misses_freethrow,Andre Ingram_opp_offensive_rebounds,Andre Ingram_opp_defensive_rebounds,Moritz Wagner_twopointers,Moritz Wagner_threepointers,Moritz Wagner_misses_two,Moritz Wagner_misses_three,Moritz Wagner_opp_twopointers,Moritz Wagner_opp_threepointers,Moritz Wagner_opp_misses_two,Moritz Wagner_opp_misses_three,Moritz Wagner_turnovers,Moritz Wagner_forced_turnovers,Moritz Wagner_freethrows,Moritz Wagner_misses_freethrow,Moritz Wagner_offensive_rebounds,Moritz Wagner_defensive_rebounds,Moritz Wagner_opp_freethrows,Moritz Wagner_opp_misses_freethrow,Moritz Wagner_opp_offensive_rebounds,Moritz Wagner_opp_defensive_rebounds,Reggie Bullock_twopointers,Reggie Bullock_threepointers,Reggie Bullock_misses_two,Reggie Bullock_misses_three,Reggie Bullock_opp_twopointers,Reggie Bullock_opp_threepointers,Reggie Bullock_opp_misses_two,Reggie Bullock_opp_misses_three,Reggie Bullock_turnovers,Reggie Bullock_forced_turnovers,Reggie Bullock_freethrows,Reggie Bullock_misses_freethrow,Reggie Bullock_offensive_rebounds,Reggie Bullock_defensive_rebounds,Reggie Bullock_opp_freethrows,Reggie Bullock_opp_misses_freethrow,Reggie Bullock_opp_offensive_rebounds,Reggie Bullock_opp_defensive_rebounds,Rajon Rondo_twopointers,Rajon Rondo_threepointers,Rajon Rondo_misses_two,Rajon Rondo_misses_three,Rajon Rondo_opp_twopointers,Rajon Rondo_opp_threepointers,Rajon Rondo_opp_misses_two,Rajon Rondo_opp_misses_three,Rajon Rondo_turnovers,Rajon Rondo_forced_turnovers,Rajon Rondo_freethrows,Rajon Rondo_misses_freethrow,Rajon Rondo_offensive_rebounds,Rajon Rondo_defensive_rebounds,Rajon Rondo_opp_freethrows,Rajon Rondo_opp_misses_freethrow,Rajon Rondo_opp_offensive_rebounds,Rajon Rondo_opp_defensive_rebounds,Brandon Ingram_twopointers,Brandon Ingram_threepointers,Brandon Ingram_misses_two,Brandon Ingram_misses_three,Brandon Ingram_opp_twopointers,Brandon Ingram_opp_threepointers,Brandon Ingram_opp_misses_two,Brandon Ingram_opp_misses_three,Brandon Ingram_turnovers,Brandon Ingram_forced_turnovers,Brandon Ingram_freethrows,Brandon Ingram_misses_freethrow,Brandon Ingram_offensive_rebounds,Brandon Ingram_defensive_rebounds,Brandon Ingram_opp_freethrows,Brandon Ingram_opp_misses_freethrow,Brandon Ingram_opp_offensive_rebounds,Brandon Ingram_opp_defensive_rebounds,Jemerrio Jones_twopointers,Jemerrio Jones_threepointers,Jemerrio Jones_misses_two,Jemerrio Jones_misses_three,Jemerrio Jones_opp_twopointers,Jemerrio Jones_opp_threepointers,Jemerrio Jones_opp_misses_two,Jemerrio Jones_opp_misses_three,Jemerrio Jones_turnovers,Jemerrio Jones_forced_turnovers,Jemerrio Jones_freethrows,Jemerrio Jones_misses_freethrow,Jemerrio Jones_offensive_rebounds,Jemerrio Jones_defensive_rebounds,Jemerrio Jones_opp_freethrows,Jemerrio Jones_opp_misses_freethrow,Jemerrio Jones_opp_offensive_rebounds,Jemerrio Jones_opp_defensive_rebounds,Isaac Bonga_twopointers,Isaac Bonga_threepointers,Isaac Bonga_misses_two,Isaac Bonga_misses_three,Isaac Bonga_opp_twopointers,Isaac Bonga_opp_threepointers,Isaac Bonga_opp_misses_two,Isaac Bonga_opp_misses_three,Isaac Bonga_turnovers,Isaac Bonga_forced_turnovers,Isaac Bonga_freethrows,Isaac Bonga_misses_freethrow,Isaac Bonga_offensive_rebounds,Isaac Bonga_defensive_rebounds,Isaac Bonga_opp_freethrows,Isaac Bonga_opp_misses_freethrow,Isaac Bonga_opp_offensive_rebounds,Isaac Bonga_opp_defensive_rebounds,Alex Caruso_twopointers,Alex Caruso_threepointers,Alex Caruso_misses_two,Alex Caruso_misses_three,Alex Caruso_opp_twopointers,Alex Caruso_opp_threepointers,Alex Caruso_opp_misses_two,Alex Caruso_opp_misses_three,Alex Caruso_turnovers,Alex Caruso_forced_turnovers,Alex Caruso_freethrows,Alex Caruso_misses_freethrow,Alex Caruso_offensive_rebounds,Alex Caruso_defensive_rebounds,Alex Caruso_opp_freethrows,Alex Caruso_opp_misses_freethrow,Alex Caruso_opp_offensive_rebounds,Alex Caruso_opp_defensive_rebounds,Mike Muscala_twopointers,Mike Muscala_threepointers,Mike Muscala_misses_two,Mike Muscala_misses_three,Mike Muscala_opp_twopointers,Mike Muscala_opp_threepointers,Mike Muscala_opp_misses_two,Mike Muscala_opp_misses_three,Mike Muscala_turnovers,Mike Muscala_forced_turnovers,Mike Muscala_freethrows,Mike Muscala_misses_freethrow,Mike Muscala_offensive_rebounds,Mike Muscala_defensive_rebounds,Mike Muscala_opp_freethrows,Mike Muscala_opp_misses_freethrow,Mike Muscala_opp_offensive_rebounds,Mike Muscala_opp_defensive_rebounds,Michael Beasley_twopointers,Michael Beasley_threepointers,Michael Beasley_misses_two,Michael Beasley_misses_three,Michael Beasley_opp_twopointers,Michael Beasley_opp_threepointers,Michael Beasley_opp_misses_two,Michael Beasley_opp_misses_three,Michael Beasley_turnovers,Michael Beasley_forced_turnovers,Michael Beasley_freethrows,Michael Beasley_misses_freethrow,Michael Beasley_offensive_rebounds,Michael Beasley_defensive_rebounds,Michael Beasley_opp_freethrows,Michael Beasley_opp_misses_freethrow,Michael Beasley_opp_offensive_rebounds,Michael Beasley_opp_defensive_rebounds,Scott Machado_twopointers,Scott Machado_threepointers,Scott Machado_misses_two,Scott Machado_misses_three,Scott Machado_opp_twopointers,Scott Machado_opp_threepointers,Scott Machado_opp_misses_two,Scott Machado_opp_misses_three,Scott Machado_turnovers,Scott Machado_forced_turnovers,Scott Machado_freethrows,Scott Machado_misses_freethrow,Scott Machado_offensive_rebounds,Scott Machado_defensive_rebounds,Scott Machado_opp_freethrows,Scott Machado_opp_misses_freethrow,Scott Machado_opp_offensive_rebounds,Scott Machado_opp_defensive_rebounds,Ivica Zubac_twopointers,Ivica Zubac_threepointers,Ivica Zubac_misses_two,Ivica Zubac_misses_three,Ivica Zubac_opp_twopointers,Ivica Zubac_opp_threepointers,Ivica Zubac_opp_misses_two,Ivica Zubac_opp_misses_three,Ivica Zubac_turnovers,Ivica Zubac_forced_turnovers,Ivica Zubac_freethrows,Ivica Zubac_misses_freethrow,Ivica Zubac_offensive_rebounds,Ivica Zubac_defensive_rebounds,Ivica Zubac_opp_freethrows,Ivica Zubac_opp_misses_freethrow,Ivica Zubac_opp_offensive_rebounds,Ivica Zubac_opp_defensive_rebounds,Johnathan Williams_twopointers,Johnathan Williams_threepointers,Johnathan Williams_misses_two,Johnathan Williams_misses_three,Johnathan Williams_opp_twopointers,Johnathan Williams_opp_threepointers,Johnathan Williams_opp_misses_two,Johnathan Williams_opp_misses_three,Johnathan Williams_turnovers,Johnathan Williams_forced_turnovers,Johnathan Williams_freethrows,Johnathan Williams_misses_freethrow,Johnathan Williams_offensive_rebounds,Johnathan Williams_defensive_rebounds,Johnathan Williams_opp_freethrows,Johnathan Williams_opp_misses_freethrow,Johnathan Williams_opp_offensive_rebounds,Johnathan Williams_opp_defensive_rebounds,win,game_id
0,1,2,2,3,6,1,4,4,1,3,1,1,1,4,0,0,2,4,1,3,2,4,22,10,19,16,0,5,0,0,1,1,7,3,12,29,1,0,5,0,6,1,3,5,2,2,2,2,2,6,1,0,2,6,3,1,4,2,25,10,18,21,1,8,1,1,4,3,8,3,12,28,6,4,5,3,12,4,9,7,2,2,4,4,0,9,2,2,6,10,0.0,1.0,2.0,1.0,9.0,1.0,5.0,3.0,1.0,0.0,0.0,0.0,0.0,1.0,5.0,0.0,2.0,11.0,2,0,0,1,9,5,7,7,2,2,2,0,0,2,6,1,5,15,11,3,3,4,26,10,20,20,3,8,2,0,1,6,7,3,12,29,2.0,0.0,1.0,0.0,9.0,2.0,7.0,5.0,0.0,2.0,0.0,0.0,3.0,2.0,4.0,0.0,3.0,12.0,,,,,,,,,,,,,,,,,,,,,,,,,,,,,,,,,,,,,,,,,,,,,,,,,,,,,,,,,,,,,,,,,,,,,,,,,,,,,,,,,,,,,,,,,,,,,,,,,,,,,,,,,,,,,,,,,,,,,,,,,,,,,,,,,,,,,,,,,,,,,,,,,,,,,,,,,,,,,,,,,,,,,,,,,,,,,,,,,,,,,,,,,,,,,,,,,,,,,,,,,,,,,,,,,,,,,,,,,,,,,,,,,,,,,,,,,,,1,0021800401
1,1,4,1,3,15,5,8,12,0,2,2,0,2,2,8,3,1,14,2,4,0,4,25,4,18,16,2,3,0,0,1,0,14,4,8,23,4,0,5,0,3,2,2,6,2,1,2,0,5,5,0,0,1,4,2,0,1,5,19,4,14,12,3,3,0,0,0,0,12,2,5,20,9,0,6,3,17,5,10,13,5,3,2,1,1,7,9,2,1,16,1.0,3.0,0.0,3.0,19.0,3.0,13.0,15.0,1.0,2.0,0.0,0.0,1.0,2.0,6.0,3.0,8.0,15.0,3,1,5,1,8,1,5,9,2,0,0,0,1,3,3,2,3,8,4,4,4,4,27,6,19,20,1,3,0,0,3,6,12,4,8,25,1.0,0.0,0.0,0.0,1.0,0.0,2.0,5.0,0.0,0.0,2.0,0.0,4.0,10.0,0.0,0.0,1.0,2.0,,,,,,,,,,,,,,,,,,,0.0,0.0,1.0,0.0,2.0,0.0,3.0,4.0,0.0,1.0,0.0,2.0,0.0,0.0,2.0,0.0,3.0,3.0,,,,,,,,,,,,,,,,,,,,,,,,,,,,,,,,,,,,,,,,,,,,,,,,,,,,,,,,,,,,,,,,,,,,,,,,,0.0,0.0,0.0,1.0,3.0,0.0,5.0,4.0,2.0,1.0,1.0,0.0,1.0,1.0,2.0,0.0,5.0,3.0,,,,,,,,,,,,,,,,,,,,,,,,,,,,,,,,,,,,,,,,,,,,,,,,,,,,,,,,,,,,,,,,,,,,,,,,,0.0,0.0,0.0,0.0,1.0,0.0,1.0,4.0,0.0,1.0,0.0,0.0,0.0,2.0,2.0,0.0,1.0,2.0,,,,,,,,,,,,,,,,,,,0,0021800384
2,3,0,0,5,9,2,6,2,0,1,1,0,0,5,0,0,1,8,2,2,1,4,25,11,21,16,0,2,2,0,0,0,28,5,8,33,4,0,2,0,16,4,6,5,2,0,4,0,6,6,6,2,2,15,3,2,5,4,33,13,26,18,2,2,1,0,1,3,28,5,9,39,10,3,8,5,13,5,7,8,1,0,6,3,2,6,6,2,3,8,0.0,2.0,0.0,1.0,4.0,4.0,1.0,3.0,0.0,1.0,0.0,0.0,1.0,0.0,3.0,2.0,1.0,4.0,0,0,0,0,24,9,20,16,0,0,0,0,0,0,27,4,8,30,10,2,5,5,29,11,25,15,2,2,1,1,0,8,26,4,8,36,1.0,0.0,0.0,0.0,12.0,6.0,18.0,7.0,1.0,2.0,2.0,0.0,0.0,4.0,16.0,1.0,5.0,22.0,,,,,,,,,,,,,,,,,,,,,,,,,,,,,,,,,,,,,,,,,,,,,,,,,,,,,,,,,,,,,,,,,,,,,,,,,,,,,,,,,,,,,,,,,,,,,,,,,,,,,,,,,,,,,,,,,,,,,,,,,,,,,,,,,,,,,,,,,,,,,,,,,,,,,,,,,,,,,,,,,,,2.0,0.0,1.0,1.0,0.0,0.0,0.0,0.0,0.0,0.0,0.0,0.0,0.0,1.0,0.0,0.0,0.0,0.0,,,,,,,,,,,,,,,,,,,,,,,,,,,,,,,,,,,,,,,,,,,,,,,,,,,,,,,1,0021800375
3,0,2,0,3,9,1,9,5,1,0,0,0,0,1,7,0,3,9,1,2,1,3,26,6,18,13,0,3,4,0,1,6,12,0,6,26,4,0,0,0,0,0,0,0,4,0,0,0,1,3,0,0,0,0,2,3,4,3,36,7,31,19,1,5,1,1,2,2,20,0,11,38,12,3,4,4,36,7,31,19,2,5,9,4,0,5,20,0,11,38,0.0,1.0,2.0,4.0,0.0,0.0,0.0,0.0,2.0,0.0,1.0,1.0,1.0,0.0,0.0,0.0,0.0,0.0,2,0,1,2,28,7,27,18,1,3,0,0,0,1,17,0,9,31,4,3,6,5,5,0,4,1,1,2,5,2,1,8,2,0,2,6,0.0,0.0,0.0,0.0,0.0,0.0,0.0,0.0,0.0,0.0,2.0,0.0,0.0,9.0,0.0,0.0,0.0,0.0,,,,,,,,,,,,,,,,,,,,,,,,,,,,,,,,,,,,,,,,,,,,,,,,,,,,,,,,,,,,,,,,,,,,,,,,,2.0,0.0,0.0,0.0,4.0,0.0,4.0,1.0,0.0,2.0,1.0,2.0,0.0,0.0,2.0,0.0,2.0,4.0,,,,,,,,,,,,,,,,,,,,,,,,,,,,,,,,,,,,,,,,,,,,,,,,,,,,,,,,,,,,,,,,,,,,,,,,,1.0,0.0,2.0,0.0,0.0,0.0,0.0,0.0,0.0,0.0,0.0,0.0,0.0,1.0,0.0,0.0,0.0,0.0,,,,,,,,,,,,,,,,,,,,,,,,,,,,,,,,,,,,,,,,,,,,,,,,,,,,,,,1,0021800364
4,0,2,1,1,4,1,8,2,0,2,0,0,0,0,1,0,1,5,1,1,1,1,16,10,28,17,0,5,1,0,0,3,7,2,4,23,7,0,3,0,4,2,3,1,1,1,0,0,4,4,0,0,2,5,3,0,4,2,9,7,17,11,3,3,1,1,0,4,5,1,1,14,8,1,2,4,24,13,32,20,5,7,3,1,0,6,9,2,7,33,0.0,0.0,0.0,1.0,4.0,2.0,3.0,6.0,1.0,1.0,0.0,0.0,0.0,0.0,2.0,1.0,2.0,7.0,0,0,0,1,0,0,0,0,2,0,0,0,0,4,0,0,0,0,5,3,1,5,8,3,4,3,1,2,4,0,2,6,2,0,3,10,1.0,0.0,1.0,0.0,15.0,8.0,26.0,12.0,1.0,4.0,1.0,1.0,3.0,8.0,6.0,0.0,3.0,20.0,,,,,,,,,,,,,,,,,,,1.0,2.0,2.0,1.0,5.0,3.0,3.0,7.0,2.0,2.0,2.0,0.0,0.0,3.0,3.0,2.0,2.0,8.0,,,,,,,,,,,,,,,,,,,,,,,,,,,,,,,,,,,,,4.0,1.0,4.0,0.0,7.0,3.0,4.0,1.0,3.0,1.0,4.0,3.0,2.0,2.0,1.0,0.0,3.0,7.0,,,,,,,,,,,,,,,,,,,,,,,,,,,,,,,,,,,,,,,,,,,,,,,,,,,,,,,,,,,,,,,,,,,,,,,,,5.0,1.0,3.0,0.0,0.0,0.0,0.0,0.0,0.0,0.0,1.0,0.0,0.0,4.0,0.0,0.0,0.0,0.0,,,,,,,,,,,,,,,,,,,0.0,0.0,0.0,0.0,0.0,0.0,0.0,0.0,0.0,0.0,0.0,0.0,0.0,1.0,0.0,0.0,0.0,0.0,,,,,,,,,,,,,,,,,,,1,0021800337
5,1,1,0,3,6,3,3,8,0,0,0,0,0,1,1,1,2,5,1,1,0,5,14,6,15,17,0,7,8,2,0,3,18,8,6,24,3,0,2,0,5,3,1,3,1,1,0,0,0,7,2,0,1,7,3,1,1,4,7,3,2,5,5,1,1,1,1,0,2,0,1,10,10,2,3,2,14,6,9,16,4,4,2,2,2,3,11,1,5,19,0.0,1.0,0.0,0.0,0.0,1.0,0.0,1.0,0.0,0.0,0.0,0.0,0.0,0.0,5.0,3.0,1.0,3.0,1,0,1,1,16,4,17,17,1,7,0,0,1,0,22,8,6,25,1,3,4,4,18,8,17,21,2,8,4,3,0,12,24,8,7,32,6.0,0.0,0.0,0.0,14.0,4.0,14.0,22.0,0.0,4.0,1.0,0.0,5.0,7.0,14.0,6.0,5.0,21.0,,,,,,,,,,,,,,,,,,,0.0,0.0,0.0,1.0,0.0,0.0,0.0,0.0,0.0,0.0,0.0,0.0,0.0,0.0,0.0,0.0,0.0,0.0,,,,,,,,,,,,,,,,,,,,,,,,,,,,,,,,,,,,,7.0,0.0,8.0,1.0,24.0,10.0,20.0,29.0,2.0,8.0,5.0,3.0,0.0,4.0,25.0,9.0,9.0,37.0,,,,,,,,,,,,,,,,,,,,,,,,,,,,,,,,,,,,,,,,,,,,,,,,,,,,,,,,,,,,,,,,,,,,,,,,,0.0,0.0,0.0,0.0,2.0,2.0,2.0,6.0,2.0,0.0,0.0,0.0,0.0,1.0,1.0,1.0,2.0,2.0,,,,,,,,,,,,,,,,,,,,,,,,,,,,,,,,,,,,,,,,,,,,,,,,,,,,,,,1,0021800328
6,5,1,0,1,16,7,14,8,1,8,0,1,1,0,17,4,5,20,1,3,1,2,2,0,3,1,0,0,0,0,0,2,0,0,1,1,3,0,3,0,5,2,10,2,4,5,0,0,4,4,4,0,4,9,1,0,2,3,0,0,0,0,4,0,0,0,4,4,0,0,0,0,13,2,4,5,22,10,30,13,4,9,6,4,1,8,22,5,10,31,,,,,,,,,,,,,,,,,,,0,0,1,0,20,10,21,11,0,7,0,0,0,1,21,5,7,28,3,1,1,4,5,3,13,4,1,1,2,1,0,9,5,1,4,10,0.0,0.0,3.0,0.0,16.0,8.0,20.0,11.0,1.0,4.0,3.0,1.0,1.0,8.0,18.0,5.0,6.0,22.0,,,,,,,,,,,,,,,,,,,,,,,,,,,,,,,,,,,,,,,,,,,,,,,,,,,,,,,,,,,,,,,,,,,,,,,,,6.0,0.0,7.0,2.0,2.0,0.0,9.0,2.0,1.0,2.0,2.0,3.0,0.0,1.0,1.0,0.0,3.0,3.0,,,,,,,,,,,,,,,,,,,,,,,,,,,,,,,,,,,,,,,,,,,,,,,,,,,,,,,,,,,,,,,,,,,,,,,,,3.0,0.0,1.0,0.0,0.0,0.0,0.0,0.0,2.0,0.0,0.0,0.0,0.0,2.0,0.0,0.0,0.0,0.0,,,,,,,,,,,,,,,,,,,,,,,,,,,,,,,,,,,,,,,,,,,,,,,,,,,,,,,1,0021800317
7,2,0,0,4,17,7,16,9,0,6,0,0,1,1,13,1,9,24,0,1,0,4,20,6,11,10,0,5,0,0,0,1,8,1,7,21,1,0,3,0,13,1,2,3,0,1,0,0,1,1,1,0,2,10,2,1,0,3,15,2,9,4,0,0,0,0,1,4,1,0,3,14,5,0,6,4,21,4,18,6,4,2,4,2,0,7,6,0,9,24,0.0,1.0,1.0,4.0,0.0,0.0,0.0,0.0,2.0,0.0,0.0,0.0,0.0,2.0,0.0,0.0,0.0,0.0,1,1,3,2,19,5,10,10,1,5,0,0,0,6,9,1,8,20,8,1,0,5,31,8,25,12,2,6,2,0,1,2,14,1,12,37,1.0,0.0,0.0,0.0,25.0,8.0,24.0,13.0,0.0,6.0,2.0,2.0,2.0,3.0,13.0,1.0,13.0,33.0,,,,,,,,,,,,,,,,,,,0.0,0.0,0.0,1.0,0.0,0.0,0.0,0.0,0.0,0.0,0.0,0.0,0.0,1.0,0.0,0.0,0.0,0.0,,,,,,,,,,,,,,,,,,,,,,,,,,,,,,,,,,,,,6.0,0.0,2.0,1.0,22.0,3.0,14.0,9.0,1.0,3.0,2.0,2.0,0.0,2.0,5.0,0.0,9.0,26.0,,,,,,,,,,,,,,,,,,,,,,,,,,,,,,,,,,,,,,,,,,,,,,,,,,,,,,,,,,,,,,,,,,,,,,,,,3.0,0.0,3.0,1.0,7.0,1.0,1.0,4.0,1.0,1.0,2.0,0.0,1.0,0.0,0.0,0.0,3.0,6.0,,,,,,,,,,,,,,,,,,,0.0,0.0,2.0,0.0,0.0,0.0,0.0,0.0,1.0,0.0,0.0,0.0,1.0,1.0,0.0,0.0,0.0,0.0,,,,,,,,,,,,,,,,,,,1,0021800304
8,0,0,0,0,2,4,6,3,0,0,0,0,0,3,0,0,1,6,0,1,3,3,2,5,9,3,1,0,2,0,1,1,0,0,1,7,5,0,3,1,12,4,5,5,1,3,2,0,1,6,4,0,0,6,3,1,3,1,14,5,5,7,1,3,0,0,0,10,8,1,3,13,6,2,1,5,11,1,6,8,6,2,6,5,0,4,3,0,5,10,0.0,0.0,0.0,0.0,7.0,1.0,5.0,1.0,0.0,0.0,1.0,1.0,0.0,0.0,4.0,0.0,0.0,6.0,0,4,2,2,0,0,0,0,1,0,1,1,1,2,0,0,0,0,5,2,6,2,32,11,22,19,1,5,5,2,1,3,13,1,9,32,1.0,0.0,0.0,0.0,11.0,2.0,5.0,7.0,2.0,1.0,0.0,0.0,0.0,3.0,5.0,1.0,5.0,12.0,,,,,,,,,,,,,,,,,,,,,,,,,,,,,,,,,,,,,,,,,,,,,,,,,,,,,,,,,,,,,,,,,,,,,,,,,7.0,0.0,3.0,2.0,5.0,0.0,3.0,4.0,5.0,1.0,3.0,2.0,1.0,5.0,2.0,0.0,3.0,4.0,,,,,,,,,,,,,,,,,,,,,,,,,,,,,,,,,,,,,,,,,,,,,,,,,,,,,,,,,,,,,,,,,,,,,,,,,,,,,,,,,,,,,,,,,,,,,,,,,,,,,,,,,,,,,,,,,,,,,,,,,,,,,,,,,,,,,,,,,,,,,,,,,0,0021800286
9,0,0,0,2,17,2,13,9,1,6,0,0,0,2,10,3,4,19,2,0,1,4,23,2,19,10,1,7,1,0,1,1,11,4,6,25,6,0,3,0,18,3,19,14,2,3,0,0,1,3,4,1,5,20,3,1,4,1,4,1,7,7,4,1,0,0,0,10,1,0,2,6,6,2,5,3,18,2,21,15,5,6,4,2,1,9,12,2,4,24,,,,,,,,,,,,,,,,,,,2,1,3,1,13,2,8,5,3,4,0,0,2,1,3,2,3,14,3,1,4,4,11,2,10,6,1,1,0,1,0,6,7,2,1,13,1.0,0.0,0.0,0.0,20.0,3.0,22.0,14.0,0.0,6.0,0.0,0.0,0.0,4.0,4.0,2.0,6.0,23.0,,,,,,,,,,,,,,,,,,,,,,,,,,,,,,,,,,,,,,,,,,,,,,,,,,,,,,,,,,,,,,,,,,,,,,,,,6.0,2.0,4.0,1.0,21.0,3.0,21.0,15.0,6.0,6.0,6.0,4.0,0.0,6.0,13.0,4.0,4.0,26.0,,,,,,,,,,,,,,,,,,,,,,,,,,,,,,,,,,,,,,,,,,,,,,,,,,,,,,,,,,,,,,,,,,,,,,,,,,,,,,,,,,,,,,,,,,,,,,,,,,,,,,,,,,,,,,,,,,,,,,,,,,,,,,,,,,,,,,,,,,,,,,,,,1,0021800278
10,2,0,0,3,19,7,22,12,1,1,0,0,0,4,8,1,10,21,0,3,2,3,13,8,15,14,1,0,4,0,0,5,7,0,3,23,6,0,0,0,7,5,10,6,2,0,0,0,1,4,6,0,3,9,6,1,3,1,14,5,17,10,3,0,0,1,1,6,7,0,6,13,9,2,4,4,16,9,27,14,4,1,8,4,2,12,13,1,13,20,,,,,,,,,,,,,,,,,,,1,0,3,2,15,8,17,11,0,1,1,0,0,2,7,1,8,20,2,2,1,3,8,6,13,9,2,0,2,0,0,5,7,0,4,11,1.0,0.0,2.0,0.0,18.0,7.0,20.0,12.0,0.0,1.0,2.0,0.0,2.0,4.0,7.0,1.0,10.0,20.0,,,,,,,,,,,,,,,,,,,,,,,,,,,,,,,,,,,,,,,,,,,,,,,,,,,,,,,,,,,,,,,,,,,,,,,,,4.0,1.0,5.0,0.0,20.0,10.0,24.0,17.0,2.0,1.0,3.0,3.0,1.0,2.0,8.0,1.0,13.0,18.0,,,,,,,,,,,,,,,,,,,,,,,,,,,,,,,,,,,,,,,,,,,,,,,,,,,,,,,,,,,,,,,,,,,,,,,,,,,,,,,,,,,,,,,,,,,,,,,,,,,,,,,,,,,,,,,,,,,,,,,,,,,,,,,,,,,,,,,,,,,,,,,,,0,0021800256
11,1,1,2,3,2,4,6,3,1,1,0,0,3,3,4,0,1,4,1,3,5,2,16,13,22,15,1,7,8,0,2,2,13,4,11,30,2,0,4,0,13,5,14,10,0,4,2,0,1,2,7,2,9,18,1,0,1,4,10,4,9,4,1,1,0,0,1,5,5,2,1,13,13,6,10,2,17,9,21,18,2,6,7,3,1,7,11,5,12,27,0.0,0.0,0.0,0.0,11.0,6.0,16.0,9.0,0.0,5.0,0.0,0.0,0.0,0.0,8.0,4.0,9.0,20.0,0,0,0,2,5,5,10,3,0,4,0,0,0,4,8,0,1,12,6,1,2,2,9,3,8,7,1,1,0,0,0,1,1,1,2,11,1.0,0.0,2.0,0.0,8.0,8.0,14.0,9.0,2.0,3.0,0.0,0.0,5.0,6.0,7.0,2.0,3.0,17.0,,,,,,,,,,,,,,,,,,,,,,,,,,,,,,,,,,,,,,,,,,,,,,,,,,,,,,,,,,,,,,,,,,,,,,,,,6.0,0.0,6.0,1.0,19.0,8.0,20.0,17.0,1.0,3.0,1.0,0.0,1.0,5.0,6.0,5.0,11.0,28.0,,,,,,,,,,,,,,,,,,,,,,,,,,,,,,,,,,,,,,,,,,,,,,,,,,,,,,,,,,,,,,,,,,,,,,,,,,,,,,,,,,,,,,,,,,,,,,,,,,,,,,,,,,,,,,,,,,,,,,,,,,,,,,,,,,,,,,,,,,,,,,,,,0,0021800235
12,2,3,1,1,17,7,8,8,0,4,0,0,0,2,5,2,8,14,3,0,1,3,23,5,8,11,0,3,4,0,3,1,18,4,8,20,5,0,1,0,4,0,2,2,1,2,1,1,3,1,0,0,0,4,0,0,2,3,23,7,12,12,3,7,0,0,0,5,10,0,9,14,5,3,7,2,22,8,10,12,3,5,3,1,0,4,3,0,5,15,0.0,2.0,0.0,1.0,6.0,1.0,2.0,4.0,0.0,1.0,2.0,0.0,0.0,0.0,11.0,2.0,0.0,8.0,5,1,1,2,17,3,5,9,1,3,6,0,1,5,16,4,6,15,2,1,2,3,22,6,12,10,5,7,1,1,0,6,10,0,7,14,1.0,0.0,0.0,0.0,25.0,10.0,10.0,15.0,1.0,3.0,0.0,0.0,0.0,3.0,3.0,2.0,8.0,15.0,,,,,,,,,,,,,,,,,,,0.0,0.0,0.0,1.0,1.0,1.0,0.0,1.0,0.0,0.0,0.0,0.0,0.0,0.0,1.0,0.0,0.0,2.0,,,,,,,,,,,,,,,,,,,,,,,,,,,,,,,,,,,,,7.0,0.0,3.0,2.0,30.0,6.0,9.0,17.0,0.0,4.0,3.0,1.0,0.0,6.0,9.0,4.0,4.0,22.0,,,,,,,,,,,,,,,,,,,,,,,,,,,,,,,,,,,,,,,,,,,,,,,,,,,,,,,,,,,,,,,,,,,,,,,,,3.0,0.0,2.0,1.0,5.0,1.0,2.0,4.0,0.0,1.0,1.0,0.0,1.0,0.0,9.0,2.0,0.0,7.0,,,,,,,,,,,,,,,,,,,,,,,,,,,,,,,,,,,,,,,,,,,,,,,,,,,,,,,1,0021800227
13,0,2,1,4,16,9,20,14,2,3,0,0,0,5,17,2,8,23,1,3,2,1,3,2,5,0,1,2,2,0,0,4,1,0,1,7,9,0,3,0,8,6,7,7,1,2,2,0,2,2,4,0,3,10,1,3,1,2,23,11,20,18,2,2,0,0,5,1,18,2,9,25,8,5,4,0,24,12,21,19,4,2,13,2,2,8,19,2,9,28,,,,,,,,,,,,,,,,,,,2,0,0,5,13,3,12,7,1,2,0,0,0,4,11,0,5,18,2,1,2,1,23,11,20,18,1,2,0,0,0,5,18,2,9,25,1.0,0.0,0.0,0.0,15.0,8.0,18.0,8.0,0.0,2.0,2.0,0.0,2.0,4.0,12.0,2.0,8.0,22.0,,,,,,,,,,,,,,,,,,,,,,,,,,,,,,,,,,,,,,,,,,,,,,,,,,,,,,,0.0,0.0,3.0,1.0,4.0,3.0,7.0,1.0,1.0,2.0,0.0,0.0,0.0,2.0,3.0,0.0,2.0,11.0,5.0,1.0,7.0,2.0,6.0,5.0,5.0,3.0,0.0,1.0,4.0,1.0,0.0,2.0,2.0,0.0,1.0,11.0,,,,,,,,,,,,,,,,,,,,,,,,,,,,,,,,,,,,,,,,,,,,,,,,,,,,,,,,,,,,,,,,,,,,,,,,,,,,,,,,,,,,,,,,,,,,,,,,,,,,,,,,,,,,,,,,,,,,,,,,,,,,,,,,,,,,,,,,,,,,,,,,,1,0021800212
14,1,2,1,5,12,10,14,15,2,6,1,1,0,1,6,1,4,19,1,3,1,3,7,2,4,2,1,1,0,0,1,1,2,0,2,6,3,0,5,1,10,3,7,9,1,2,2,2,3,6,3,2,1,10,0,2,2,1,14,5,13,15,3,4,2,0,0,6,6,2,3,20,7,3,3,6,9,2,4,6,4,3,3,4,3,4,5,0,1,12,,,,,,,,,,,,,,,,,,,0,3,1,2,8,2,5,3,1,1,2,0,0,1,3,0,2,8,7,1,3,5,24,12,18,22,1,6,1,0,4,4,8,2,9,28,2.0,0.0,2.0,0.0,7.0,7.0,6.0,9.0,2.0,2.0,0.0,0.0,5.0,0.0,3.0,0.0,6.0,11.0,,,,,,,,,,,,,,,,,,,,,,,,,,,,,,,,,,,,,,,,,,,,,,,,,,,,,,,1.0,0.0,2.0,1.0,13.0,8.0,8.0,7.0,1.0,2.0,0.0,0.0,1.0,5.0,3.0,0.0,7.0,12.0,3.0,0.0,5.0,0.0,8.0,1.0,5.0,8.0,6.0,1.0,4.0,2.0,0.0,3.0,5.0,1.0,5.0,10.0,,,,,,,,,,,,,,,,,,,,,,,,,,,,,,,,,,,,,,,,,,,,,,,,,,,,,,,,,,,,,,,,,,,,,,,,,,,,,,,,,,,,,,,,,,,,,,,,,,,,,,,,,,,,,,,,,,,,,,,,,,,,,,,,,,,,,,,,,,,,,,,,,1,0021800189
15,1,3,1,4,10,2,23,6,0,6,0,0,1,4,10,3,6,17,2,2,1,5,6,1,7,3,0,5,1,1,0,2,2,1,3,9,5,0,1,0,11,5,18,9,2,2,0,0,3,5,7,4,7,14,2,0,2,6,13,4,10,10,0,0,0,0,1,2,6,1,5,15,7,3,5,3,16,4,18,13,3,3,2,1,1,6,6,1,7,21,0.0,0.0,0.0,0.0,1.0,0.0,2.0,1.0,0.0,0.0,0.0,2.0,0.0,0.0,2.0,0.0,1.0,2.0,1,2,0,0,4,0,9,3,2,6,0,0,0,5,2,0,3,7,4,1,3,4,23,5,29,17,1,2,0,0,1,2,15,3,9,30,1.0,0.0,1.0,0.0,14.0,1.0,18.0,9.0,4.0,6.0,1.0,3.0,5.0,7.0,7.0,0.0,4.0,21.0,,,,,,,,,,,,,,,,,,,,,,,,,,,,,,,,,,,,,,,,,,,,,,,,,,,,,,,1.0,1.0,3.0,2.0,13.0,2.0,28.0,9.0,2.0,8.0,1.0,3.0,2.0,2.0,10.0,3.0,7.0,22.0,5.0,0.0,8.0,2.0,19.0,6.0,28.0,15.0,0.0,2.0,2.0,0.0,2.0,6.0,13.0,4.0,8.0,27.0,,,,,,,,,,,,,,,,,,,,,,,,,,,,,,,,,,,,,,,,,,,,,,,,,,,,,,,,,,,,,,,,,,,,,,,,,,,,,,,,,,,,,,,,,,,,,,,,,,,,,,,,,,,,,0.0,0.0,2.0,0.0,0.0,0.0,0.0,0.0,0.0,0.0,0.0,0.0,1.0,1.0,0.0,0.0,0.0,0.0,,,,,,,,,,,,,,,,,,,0,0021800183
16,0,5,0,2,8,6,12,11,1,5,6,0,1,3,6,1,3,12,1,1,0,2,1,2,6,1,0,3,0,0,0,1,3,0,0,6,8,0,1,0,16,13,15,6,0,6,0,0,2,2,3,0,7,17,1,0,1,3,11,10,12,5,3,4,1,1,1,4,2,0,4,15,7,3,3,6,9,13,15,15,3,6,1,1,1,10,6,1,7,17,,,,,,,,,,,,,,,,,,,0,0,2,1,3,0,4,1,0,1,0,0,0,1,2,0,2,3,4,4,4,3,19,17,20,16,2,7,1,1,0,2,4,0,10,23,1.0,0.0,2.0,0.0,12.0,11.0,17.0,15.0,1.0,6.0,0.0,0.0,4.0,4.0,5.0,1.0,6.0,18.0,,,,,,,,,,,,,,,,,,,,,,,,,,,,,,,,,,,,,,,,,,,,,,,,,,,,,,,1.0,0.0,5.0,1.0,10.0,10.0,14.0,14.0,3.0,6.0,0.0,0.0,2.0,4.0,6.0,1.0,7.0,14.0,6.0,2.0,5.0,1.0,16.0,18.0,15.0,16.0,3.0,6.0,2.0,0.0,1.0,4.0,3.0,1.0,9.0,20.0,,,,,,,,,,,,,,,,,,,,,,,,,,,,,,,,,,,,,,,,,,,,,,,,,,,,,,,,,,,,,,,,,,,,,,,,,,,,,,,,,,,,,,,,,,,,,,,,,,,,,,,,,,,,,,,,,,,,,,,,,,,,,,,,,,,,,,,,,,,,,,,,,1,0021800162
17,0,1,0,3,30,6,20,19,0,4,3,0,0,5,7,1,13,25,1,0,0,4,10,2,6,11,1,5,0,0,0,2,10,1,4,17,1,0,5,0,33,9,18,19,2,6,6,0,3,3,8,0,11,28,3,2,1,1,11,5,5,7,2,2,0,0,1,8,2,0,4,13,4,2,5,1,9,5,0,4,3,1,4,3,0,2,1,0,1,10,1.0,0.0,0.0,2.0,5.0,1.0,5.0,4.0,0.0,2.0,0.0,0.0,0.0,0.0,5.0,0.0,2.0,6.0,2,0,4,2,9,1,4,10,2,3,0,0,0,1,6,1,3,14,10,0,2,4,31,8,10,16,3,2,4,1,0,5,6,0,7,21,,,,,,,,,,,,,,,,,,,,,,,,,,,,,,,,,,,,,,,,,,,,,,,,,,,,,,,,,,,,,,,,,,,,,,,,,3.0,1.0,3.0,0.0,28.0,5.0,15.0,18.0,1.0,5.0,1.0,1.0,0.0,1.0,11.0,1.0,9.0,23.0,7.0,0.0,2.0,1.0,29.0,8.0,16.0,15.0,1.0,4.0,2.0,1.0,0.0,1.0,7.0,0.0,10.0,22.0,,,,,,,,,,,,,,,,,,,,,,,,,,,,,,,,,,,,,,,,,,,,,,,,,,,,,,,,,,,,,,,,,,,,,,,,,,,,,,,,,,,,,,,,,,,,,,,,,,,,,,,,,,,,,1.0,0.0,2.0,0.0,0.0,0.0,1.0,2.0,1.0,1.0,3.0,0.0,2.0,4.0,2.0,1.0,1.0,1.0,,,,,,,,,,,,,,,,,,,0,0021800139
18,1,2,0,0,13,1,3,9,0,1,3,1,0,0,5,4,7,6,2,1,1,0,31,3,12,23,1,3,0,0,0,1,15,6,12,23,6,0,2,0,22,5,11,16,2,3,0,2,3,6,12,2,11,22,0,1,2,3,15,5,11,8,2,2,0,0,1,2,3,1,3,21,8,1,4,4,19,3,10,10,3,2,9,2,0,5,10,2,10,13,,,,,,,,,,,,,,,,,,,2,1,3,4,10,2,4,11,2,2,0,0,0,2,1,3,3,9,4,2,3,2,27,6,17,17,1,3,1,2,0,6,12,5,11,27,,,,,,,,,,,,,,,,,,,,,,,,,,,,,,,,,,,,,,,,,,,,,,,,,,,,,,,,,,,,,,,,,,,,,,,,,7.0,1.0,2.0,0.0,11.0,1.0,7.0,17.0,4.0,3.0,0.0,0.0,1.0,9.0,4.0,3.0,7.0,9.0,3.0,0.0,5.0,0.0,32.0,4.0,19.0,23.0,3.0,4.0,2.0,2.0,0.0,6.0,15.0,3.0,13.0,26.0,,,,,,,,,,,,,,,,,,,,,,,,,,,,,,,,,,,,,,,,,,,,,,,,,,,,,,,,,,,,,,,,,,,,,,,,,,,,,,,,,,,,,,,,,,,,,,,,,,,,,,,,,,,,,4.0,0.0,1.0,0.0,10.0,0.0,6.0,11.0,2.0,2.0,1.0,0.0,4.0,4.0,3.0,1.0,3.0,9.0,,,,,,,,,,,,,,,,,,,0,0021800132
19,0,1,0,2,3,1,1,0,1,2,0,0,0,0,2,0,0,2,2,0,1,1,17,3,7,4,2,4,5,0,0,2,5,2,4,12,8,0,6,0,17,10,18,11,3,8,0,0,5,10,8,5,5,19,1,3,2,0,15,8,11,7,0,6,1,1,2,2,8,2,2,14,9,2,6,1,3,5,8,8,3,5,5,2,0,5,2,1,3,8,,,,,,,,,,,,,,,,,,,1,1,0,0,23,6,11,10,2,8,0,0,0,0,9,2,7,22,6,1,3,1,16,9,13,8,3,4,3,1,1,7,10,3,6,11,,,,,,,,,,,,,,,,,,,,,,,,,,,,,,,,,,,,,,,,,,,,,,,,,,,,,,,,,,,,,,,,,,,,,,,,,1.0,1.0,3.0,2.0,15.0,3.0,5.0,5.0,2.0,3.0,0.0,0.0,0.0,0.0,6.0,2.0,5.0,12.0,5.0,1.0,8.0,0.0,6.0,6.0,7.0,6.0,3.0,2.0,4.0,2.0,0.0,3.0,5.0,3.0,3.0,6.0,,,,,,,,,,,,,,,,,,,,,,,,,,,,,,,,,,,,,,,,,,,,,,,,,,,,,,,,,,,,,,,,,,,,,,,,,,,,,,,,,,,,,,,,,,,,,,,,,,,,,,,,,,,,,,,,,,,,,,,,,,,,,,,0.0,0.0,0.0,0.0,5.0,1.0,3.0,5.0,1.0,2.0,0.0,0.0,0.0,2.0,1.0,0.0,5.0,6.0,1,0021800109
20,1,2,2,4,39,3,27,13,2,8,1,1,0,2,19,4,11,34,1,0,1,0,34,3,25,11,0,7,0,0,0,1,17,4,10,31,4,0,1,0,10,0,9,4,5,1,1,1,0,5,6,2,4,8,0,2,3,3,9,0,5,3,3,2,0,2,0,2,5,0,1,5,11,2,4,4,33,2,24,8,4,6,7,1,1,10,12,3,10,27,0.0,0.0,0.0,1.0,0.0,0.0,0.0,0.0,0.0,0.0,0.0,0.0,0.0,0.0,0.0,0.0,0.0,0.0,4,2,5,1,27,2,20,9,1,5,0,0,1,8,14,5,10,26,3,3,2,5,35,3,25,8,0,7,0,0,1,3,9,3,10,27,,,,,,,,,,,,,,,,,,,,,,,,,,,,,,,,,,,,,,,,,,,,,,,,,,,,,,,,,,,,,,,,,,,,,,,,,2.0,2.0,0.0,2.0,10.0,1.0,7.0,5.0,2.0,2.0,2.0,0.0,2.0,2.0,7.0,3.0,3.0,9.0,,,,,,,,,,,,,,,,,,,,,,,,,,,,,,,,,,,,,,,,,,,,,,,,,,,,,,,,,,,,,,,,,,,,,,,,,,,,,,,,,,,,,,,,,,,,,,,,,,,,,,,,,,,,,,,,,,,,,,,,,,,,,,,,,,,,,,,,,,,,,,,,,2.0,0.0,2.0,0.0,8.0,1.0,3.0,4.0,0.0,2.0,0.0,2.0,2.0,2.0,6.0,1.0,1.0,8.0,1,0021800082
21,2,1,1,5,29,4,19,14,2,6,5,1,0,5,11,3,8,29,0,2,1,2,25,4,16,8,2,4,2,0,0,2,15,3,4,17,10,0,5,0,7,2,2,2,0,1,1,0,5,2,0,0,2,5,3,2,1,3,8,0,6,7,3,0,0,0,0,6,1,1,3,10,9,1,3,4,15,2,10,8,2,2,7,3,0,11,2,1,5,16,2.0,0.0,1.0,0.0,8.0,2.0,5.0,2.0,0.0,0.0,0.0,0.0,1.0,1.0,1.0,1.0,1.0,3.0,3,2,5,1,21,3,14,8,1,3,0,0,2,2,11,3,5,13,6,2,4,4,8,0,6,7,1,0,4,0,0,3,1,1,3,10,,,,,,,,,,,,,,,,,,,,,,,,,,,,,,,,,,,,,,,,,,,,,,,,,,,,,,,,,,,,,,,,,,,,,,,,,,,,,,,,,,,,,,,,,,,,,,,,,,,,,,,,,,,,,,,,,,,,,,,,,,,,,,,,,,,,,,,,,,,,,,,,,,,,,,,,,,,,,,,,,,,,,,,,,,,,,,,,,,,,,0.0,0.0,0.0,0.0,32.0,6.0,20.0,10.0,1.0,6.0,0.0,0.0,0.0,0.0,15.0,3.0,7.0,23.0,,,,,,,,,,,,,,,,,,,,,,,,,,,,,,,,,,,,,1.0,0.0,1.0,0.0,7.0,1.0,6.0,2.0,1.0,2.0,0.0,0.0,1.0,1.0,7.0,0.0,2.0,6.0,1,0021800066
22,1,4,1,2,23,8,10,20,1,5,1,1,1,1,8,3,6,25,5,1,3,5,26,8,13,13,1,5,1,0,0,2,13,5,8,26,7,1,4,1,18,3,11,11,0,3,3,3,2,4,7,4,7,21,4,1,2,2,14,1,1,6,2,3,1,0,1,6,8,4,2,13,6,1,5,4,19,7,6,14,0,3,4,0,0,7,6,3,3,19,0.0,1.0,3.0,1.0,16.0,4.0,8.0,8.0,1.0,4.0,1.0,1.0,0.0,0.0,8.0,3.0,5.0,15.0,9,1,3,1,17,6,7,10,3,5,2,0,2,6,9,3,4,18,7,0,5,2,21,6,11,13,0,3,3,0,1,3,8,3,8,24,0.0,0.0,0.0,0.0,0.0,0.0,0.0,0.0,1.0,0.0,0.0,0.0,2.0,3.0,0.0,0.0,0.0,0.0,,,,,,,,,,,,,,,,,,,,,,,,,,,,,,,,,,,,,,,,,,,,,,,,,,,,,,,,,,,,,,,,,,,,,,,,,,,,,,,,,,,,,,,,,,,,,,,,,,,,,,,,,,,,,,,,,,,,,,,,,,,,,,,,,,,,,,,,,,,,,,,,,,,,,,,,,,,,,,,,,,,,,,,,,,,,,,,,,,,,,,,,,,,,,,,,,,,,,,,0.0,0.0,0.0,0.0,2.0,1.0,0.0,0.0,0.0,1.0,0.0,0.0,1.0,1.0,2.0,1.0,0.0,2.0,3.0,0.0,0.0,0.0,14.0,6.0,3.0,10.0,0.0,3.0,1.0,1.0,3.0,2.0,6.0,1.0,2.0,12.0,0,0021800060
23,4,4,2,3,24,11,19,11,1,2,0,0,0,10,26,9,8,21,1,0,1,2,13,5,7,3,0,2,2,0,1,1,1,0,1,16,7,0,6,0,8,2,1,0,1,2,2,1,4,3,0,0,0,10,2,3,0,4,19,9,10,9,1,2,1,1,0,6,10,4,5,23,9,2,7,6,17,5,11,4,5,2,8,3,2,6,5,2,3,18,0.0,0.0,0.0,2.0,15.0,6.0,17.0,3.0,2.0,2.0,0.0,0.0,1.0,1.0,16.0,5.0,4.0,12.0,2,1,1,2,20,10,21,10,2,2,1,0,0,1,26,10,9,20,11,4,3,6,32,14,27,12,2,4,3,1,0,8,28,10,10,34,,,,,,,,,,,,,,,,,,,,,,,,,,,,,,,,,,,,,,,,,,,,,,,,,,,,,,,,,,,,,,,,,,,,,,,,,,,,,,,,,,,,,,,,,,,,,,,,,,,,,,,,,,,,,,,,,,,,,,,,,,,,,,,,,,,,,,,,,,,,,,,,,,,,,,,,,,,,,,,,,,,,,,,,,,,,,,,,,,,,,1.0,0.0,2.0,0.0,27.0,13.0,27.0,13.0,1.0,2.0,1.0,1.0,1.0,1.0,28.0,10.0,10.0,26.0,,,,,,,,,,,,,,,,,,,0.0,0.0,1.0,0.0,0.0,0.0,0.0,0.0,0.0,0.0,0.0,0.0,1.0,0.0,0.0,0.0,0.0,0.0,4.0,0.0,1.0,0.0,0.0,0.0,0.0,0.0,0.0,0.0,0.0,1.0,2.0,2.0,0.0,0.0,0.0,0.0,0,0021800048
24,5,3,1,2,6,1,7,3,2,2,1,2,0,4,8,0,4,5,0,1,2,0,2,1,1,2,0,0,2,0,0,2,0,0,1,2,5,0,1,0,25,8,22,19,0,4,3,1,1,2,19,2,14,29,1,1,1,3,15,10,12,10,1,4,2,0,2,2,16,1,4,26,9,0,2,4,13,5,9,12,6,3,8,1,2,10,12,1,5,17,,,,,,,,,,,,,,,,,,,2,0,0,3,14,10,14,9,1,3,0,0,0,2,9,1,4,24,4,1,2,5,25,12,21,17,1,6,4,1,0,5,23,1,9,33,,,,,,,,,,,,,,,,,,,,,,,,,,,,,,,,,,,,,,,,,,,,,,,,,,,,,,,,,,,,,,,,,,,,,,,,,5.0,1.0,3.0,1.0,20.0,5.0,17.0,17.0,3.0,5.0,0.0,0.0,0.0,4.0,18.0,1.0,11.0,20.0,7.0,0.0,4.0,4.0,13.0,1.0,9.0,10.0,1.0,2.0,2.0,2.0,1.0,3.0,10.0,1.0,8.0,10.0,,,,,,,,,,,,,,,,,,,,,,,,,,,,,,,,,,,,,,,,,,,,,,,,,,,,,,,,,,,,,,,,,,,,,,,,,0.0,0.0,0.0,0.0,22.0,12.0,23.0,16.0,0.0,6.0,0.0,0.0,0.0,1.0,20.0,2.0,10.0,34.0,,,,,,,,,,,,,,,,,,,,,,,,,,,,,,,,,,,,,,,,,,,,,,,,,,,,,,,1,0021800016
